incident_id,date_int,latitude,longitude,snapshot_quarter,in_corridor,severity_economic_usd
1,19930306,3.8,98.7167,199301,1,0.0
2,19930422,3.7766667,98.6767,199302,1,0.0
3,19930524,3.5,100.1667,199302,1,0.0
4,19930603,1.6766667,101.45,199302,1,0.0
5,19930609,2.25,101.9,199302,1,0.0
6,19930707,4.1833333,99.4333,199303,1,0.0
7,19930902,3.7766667,98.6767,199303,1,0.0
8,19930927,3.7766667,98.6767,199303,1,0.0
9,19931209,3.7766667,98.6767,199304,1,0.0
10,19940109,1.1833333,103.4,199401,1,0.0
11,19940109,1.3,103.4833,199401,1,0.0
12,19940109,1.1666667,103.45,199401,1,0.0
13,19940122,29.8166667,32.55,199401,1,0.0
14,19940125,1.25,103.3167,199401,1,0.0
15,19940210,11.6666667,43.1667,199401,1,0.0
16,19940508,3.7836667,98.7007,199402,1,0.0
17,19940517,3.7836667,98.7007,199402,1,0.0
18,19940524,3.7836667,98.7007,199402,1,0.0
19,19940530,3.7836667,98.7007,199402,1,0.0
20,19950108,3.7766667,98.6767,199501,1,0.0
21,19950118,3.98,98.7983,199501,1,0.0
22,19950203,3.7766667,98.6767,199501,1,0.0
23,19950228,11.5833333,43.6167,199501,1,0.0
24,19950403,12.145,50.81,199502,1,0.0
25,19950422,12.15,50.8,199502,1,0.0
26,19950428,12.1333333,50.7167,199502,1,0.0
27,19950503,12.2,51.0333,199502,1,0.0
28,19950503,12.1,50.85,199502,1,0.0
29,19950512,12.0072,43.435,199502,1,0.0
30,19950531,12.015,50.0833,199502,1,0.0
31,19950531,12.015,50.0833,199502,1,0.0
32,19950704,2.1666667,101.7333,199503,1,0.0
33,19950808,3.7998,100.2997,199503,1,0.0
34,19951031,4.65,98.7,199504,1,0.0
35,19960305,1.85,102.4633,199601,1,0.0
36,19960328,3.7836667,98.7007,199601,1,0.0
37,19960411,3.7836667,98.7007,199602,1,0.0
38,19960425,13.6773,42.9565,199602,1,0.0
39,19960627,2.3,101.8333,199602,1,0.0
40,19960828,3.7836667,98.7007,199603,1,0.0
41,19960916,3.7836667,98.7007,199603,1,0.0
42,19960925,3.7836667,98.7007,199603,1,0.0
43,19960928,3.7836667,98.7007,199603,1,0.0
44,19961003,3.7836667,98.7007,199604,1,0.0
45,19961020,3.7836667,98.7007,199604,1,0.0
46,19961031,3.7836667,98.7007,199604,1,0.0
47,19970101,11.95,50.75,199701,1,0.0
48,19970207,6.35,99.6682,199701,1,0.0
49,19970305,12.5182,47.6446,199701,1,0.0
50,19970307,12.1166667,50.8333,199701,1,0.0
51,19970503,3.7766667,98.6767,199702,1,0.0
52,19970504,14.078,41.9016,199702,1,0.0
53,19970504,14.078,41.9016,199702,1,0.0
54,19970628,3.0,101.4,199702,1,0.0
55,19970630,1.4666667,103.0667,199702,1,0.0
56,19971103,1.1863333,103.635,199704,1,0.0
57,19971108,15.05,42.167,199704,1,0.0
58,19980415,12.085,51.15,199802,1,0.0
59,19980430,2.0393,102.4025,199802,1,0.0
60,19980506,12.1333333,48.0,199802,1,0.0
61,19980508,29.8166667,32.55,199802,1,0.0
62,19980602,12.0666667,50.9333,199802,1,0.0
63,19980819,1.1666667,103.6667,199803,1,0.0
64,19980821,1.2216667,103.4217,199803,1,0.0
65,19980906,4.6866667,98.62,199803,1,0.0
66,19980927,11.3,49.1543,199803,1,0.0
67,19980927,3.3695,99.4517,199803,1,0.0
68,19981110,4.7333333,98.1833,199804,1,0.0
69,19981125,6.2561,99.7631,199804,1,0.0
70,19981228,12.015,50.0833,199804,1,0.0
71,19981229,1.0966667,103.7167,199804,1,0.0
72,19990105,6.9833333,103.06,199901,1,0.0
73,19990111,1.15,103.7883,199901,1,0.0
74,19990112,1.1166667,103.75,199901,1,0.0
75,19990113,1.05,103.5,199901,1,0.0
76,19990115,2.5167,101.783,199901,1,0.0
77,19990115,1.3086,103.9502,199901,1,0.0
78,19990116,1.08,103.6983,199901,1,0.0
79,19990118,1.06,103.695,199901,1,0.0
80,19990224,1.2294,103.8689,199901,1,0.0
81,19990226,3.7766667,98.6767,199901,1,0.0
82,19990312,1.2366667,104.0,199901,1,0.0
83,19990321,1.3086,103.9502,199901,1,0.0
84,19990411,12.65,47.95,199902,1,0.0
85,19990414,1.6766667,101.45,199902,1,0.0
86,19990423,5.4166667,100.3432,199902,1,0.0
87,19990520,3.7766667,98.6767,199902,1,0.0
88,19990526,1.25,103.4167,199902,1,0.0
89,19990528,3.9366667,98.78,199902,1,0.0
90,19990624,11.9183,49.833,199902,1,0.0
91,19990716,3.7766667,98.6767,199903,1,0.0
92,19990720,3.9166667,98.7667,199903,1,0.0
93,19990724,3.7766667,98.6767,199903,1,0.0
94,19990806,3.7766667,98.6767,199903,1,0.0
95,19990808,3.9133333,98.7543,199903,1,0.0
96,19990823,1.35,103.4167,199903,1,0.0
97,19990901,3.7766667,98.6767,199903,1,0.0
98,19990925,26.5945,56.472,199903,1,0.0
99,19991012,2.7,101.4669,199904,1,0.0
100,19991012,3.7766667,98.6767,199904,1,0.0
101,19991017,3.7766667,98.6767,199904,1,0.0
102,19991017,3.7766667,98.6767,199904,1,0.0
103,19991022,3.366666667,99.4667,199904,1,0.0
104,19991023,3.7766667,98.6767,199904,1,0.0
105,19991024,5.4166667,100.3432,199904,1,0.0
106,19991025,3.7766667,98.6767,199904,1,0.0
107,19991030,5.4635,100.2092,199904,1,0.0
108,19991101,1.7533333,102.5,199904,1,0.0
109,19991109,2.047,102.0548,199904,1,0.0
110,19991113,5.4166667,100.3432,199904,1,0.0
111,19991115,1.8333333,102.8333,199904,1,0.0
112,19991117,3.7766667,98.6767,199904,1,0.0
113,19991119,15.5333333,41.8833,199904,1,0.0
114,19991129,1.7333333,102.5833,199904,1,0.0
115,19991215,3.7766667,98.6767,199904,1,0.0
116,19991215,3.7766667,98.6767,199904,1,0.0
117,20000105,1.7333333,102.55,200001,1,0.0
118,20000110,1.7166667,102.6,200001,1,0.0
119,20000112,1.8583333,102.4667,200001,1,0.0
120,20000112,4.9173,99.2682,200001,1,0.0
121,20000116,4.9173,99.2682,200001,1,0.0
122,20000116,4.9173,99.2682,200001,1,0.0
123,20000117,1.7283333,102.525,200001,1,0.0
124,20000117,4.9173,99.2682,200001,1,0.0
125,20000120,4.9173,99.2682,200001,1,0.0
126,20000121,4.9173,99.2682,200001,1,0.0
127,20000123,29.8166667,32.55,200001,1,0.0
128,20000126,1.6855,101.4547,200001,1,0.0
129,20000128,3.7766667,98.6767,200001,1,0.0
130,20000131,1.2166667,103.5,200001,1,0.0
131,20000201,3.7836667,98.7007,200001,1,0.0
132,20000204,4.9173,99.2682,200001,1,0.0
133,20000209,3.7836667,98.7007,200001,1,0.0
134,20000213,3.7836667,98.7007,200001,1,0.0
135,20000401,3.7836667,98.7007,200002,1,0.0
136,20000404,3.7836667,98.7007,200002,1,0.0
137,20000405,3.7836667,98.7007,200002,1,0.0
138,20000412,3.7836667,98.7007,200002,1,0.0
139,20000417,3.7836667,98.7007,200002,1,0.0
140,20000417,3.7836667,98.7007,200002,1,0.0
141,20000418,2.8833,101.0,200002,1,0.0
142,20000505,3.7836667,98.7007,200002,1,0.0
143,20000506,5.7739,103.0605,200002,1,0.0
144,20000509,3.7836667,98.7007,200002,1,0.0
145,20000509,1.6283333,102.975,200002,1,0.0
146,20000512,3.7836667,98.7007,200002,1,0.0
147,20000517,3.7836667,98.7007,200002,1,0.0
148,20000517,1.9925,102.2117,200002,1,0.0
149,20000527,1.9333333,102.35,200002,1,0.0
150,20000527,2.0183333,102.19,200002,1,0.0
151,20000528,2.0,102.4667,200002,1,0.0
152,20000528,1.7833333,102.4667,200002,1,0.0
153,20000531,1.8833333,102.4167,200002,1,0.0
154,20000531,1.7833333,102.4683,200002,1,0.0
155,20000601,1.7833333,102.4667,200002,1,0.0
156,20000601,1.8111667,102.4427,200002,1,0.0
157,20000605,3.7836667,98.7007,200002,1,0.0
158,20000608,1.9333333,102.3,200002,1,0.0
159,20000612,1.8833333,102.4167,200002,1,0.0
160,20000628,2.135,102.0533,200002,1,0.0
161,20000702,5.3863333,100.365,200003,1,0.0
162,20000704,11.2854,51.0801,200003,1,0.0
163,20000704,27.1378333,56.204,200003,1,0.0
164,20000704,3.7836667,98.7007,200003,1,0.0
165,20000713,15.655,41.4417,200003,1,0.0
166,20000715,13.6333333,42.9333,200003,1,0.0
167,20000720,1.8366667,102.375,200003,1,0.0
168,20000722,4.9173,99.2682,200003,1,0.0
169,20000724,3.7836667,98.7007,200003,1,0.0
170,20000724,1.4306,102.6727,200003,1,0.0
171,20000724,13.1,43.0833,200003,1,0.0
172,20000725,3.7836667,98.7007,200003,1,0.0
173,20000728,1.7533333,102.5417,200003,1,0.0
174,20000729,13.1916667,43.0167,200003,1,0.0
175,20000731,1.0233333,102.0817,200003,1,0.0
176,20000801,13.7366667,42.9633,200003,1,0.0
177,20000806,3.7836667,98.7007,200003,1,0.0
178,20000809,1.8916667,102.35,200003,1,0.0
179,20000811,13.0166667,43.215,200003,1,0.0
180,20000811,12.5166667,42.4833,200003,1,0.0
181,20000814,3.7836667,98.7007,200003,1,0.0
182,20000815,2.142,102.339,200003,1,0.0
183,20000815,2.142,102.339,200003,1,0.0
184,20000815,2.0666667,102.25,200003,1,0.0
185,20000817,3.7836667,98.7007,200003,1,0.0
186,20000824,1.7783333,102.4567,200003,1,0.0
187,20000824,1.75,102.5333,200003,1,0.0
188,20000826,2.0583333,102.1433,200003,1,0.0
189,20000827,5.42,100.3517,200003,1,0.0
190,20000828,1.9116667,102.315,200003,1,0.0
191,20000830,2.5,101.6,200003,1,0.0
192,20000830,3.7836667,98.7007,200003,1,0.0
193,20000831,1.7,102.6,200003,1,0.0
194,20000901,5.3863333,100.365,200003,1,0.0
195,20000901,12.6,46.3833,200003,1,0.0
196,20000915,1.7666667,102.4833,200003,1,0.0
197,20000921,1.7666667,102.5,200003,1,0.0
198,20000921,2.0,102.1833,200003,1,0.0
199,20000921,1.6383333,102.8333,200003,1,0.0
200,20000921,4.9173,99.2682,200003,1,0.0
201,20000922,1.8583333,102.3333,200003,1,0.0
202,20000922,1.8166667,102.3667,200003,1,0.0
203,20000926,1.9333333,102.2833,200003,1,0.0
204,20000926,1.7833333,102.6167,200003,1,0.0
205,20000929,1.9116667,102.2233,200003,1,0.0
206,20001001,1.2191667,103.5732,200004,1,0.0
207,20001001,1.92,102.375,200004,1,0.0
208,20001001,1.6855,101.4547,200004,1,0.0
209,20001002,2.36,101.6833,200004,1,0.0
210,20001003,1.9583333,102.25,200004,1,0.0
211,20001006,1.75,102.5167,200004,1,0.0
212,20001007,14.644,43.0653,200004,1,0.0
213,20001012,14.1466667,42.7883,200004,1,0.0
214,20001012,12.6,43.3217,200004,1,0.0
215,20001012,12.7906667,44.9893,200004,1,0.0
216,20001021,1.1983333,103.8572,200004,1,0.0
217,20001023,13.3333333,42.9667,200004,1,0.0
218,20001025,12.7166667,43.2833,200004,1,0.0
219,20001026,1.45,103.1833,200004,1,0.0
220,20001026,1.7166667,102.7667,200004,1,0.0
221,20001103,4.0666667,99.4167,200004,1,0.0
222,20001105,1.765,102.5333,200004,1,0.0
223,20001105,1.825,102.3867,200004,1,0.0
224,20001106,1.9416667,102.3167,200004,1,0.0
225,20001109,1.7666667,102.45,200004,1,0.0
226,20001116,1.1,102.15,200004,1,0.0
227,20001120,1.7403333,102.5292,200004,1,0.0
228,20001125,23.0583333,56.465,200004,1,0.0
229,20001126,12.2833333,44.8667,200004,1,0.0
230,20001130,1.7,102.5667,200004,1,0.0
231,20001208,1.9,102.3667,200004,1,0.0
232,20001208,1.7751667,102.6228,200004,1,0.0
233,20001210,1.1095,103.4762,200004,1,0.0
234,20001210,12.2833333,45.0667,200004,1,0.0
235,20001211,12.8516667,46.0367,200004,1,0.0
236,20001213,1.9666667,102.2333,200004,1,0.0
237,20001214,1.7666667,102.4667,200004,1,0.0
238,20001220,1.2633333,103.3217,200004,1,0.0
239,20001223,1.8666667,102.3,200004,1,0.0
240,20001224,1.255,103.34,200004,1,0.0
241,20001224,1.3033333,103.3567,200004,1,0.0
242,20001230,1.3166667,102.53,200004,1,0.0
243,20001230,1.2933333,103.37,200004,1,0.0
244,20010110,3.7766667,98.6767,200101,1,0.0
245,20010123,1.265,103.4017,200101,1,0.0
246,20010126,1.2,103.3833,200101,1,0.0
247,20010127,3.7853333,98.6997,200101,1,0.0
248,20010130,1.3166667,103.3167,200101,1,0.0
249,20010202,1.3466667,103.2983,200101,1,0.0
250,20010202,1.3533333,103.28,200101,1,0.0
251,20010203,12.5716667,43.3833,200101,1,0.0
252,20010215,2.8166667,101.0567,200101,1,0.0
253,20010222,13.4966667,43.0167,200101,1,0.0
254,20010223,13.7833333,48.2,200101,1,0.0
255,20010319,1.3833333,103.25,200101,1,0.0
256,20010330,2.7833333,101.0,200101,1,0.0
257,20010402,12.5833333,47.7833,200102,1,0.0
258,20010405,1.6,102.8167,200102,1,0.0
259,20010412,12.9166667,48.3333,200102,1,0.0
260,20010425,4.223,98.3642,200102,1,0.0
261,20010505,6.2837,102.0359,200102,1,0.0
262,20010509,5.4166667,100.3432,200102,1,0.0
263,20010512,3.7766667,98.6767,200102,1,0.0
264,20010522,27.2265,34.8265,200102,1,0.0
265,20010523,3.7766667,98.6767,200102,1,0.0
266,20010524,3.7766667,98.6767,200102,1,0.0
267,20010526,29.9666667,32.5432,200102,1,0.0
268,20010601,3.7766667,98.6767,200102,1,0.0
269,20010616,5.4166667,100.3432,200102,1,0.0
270,20010627,1.1933333,103.41,200102,1,0.0
271,20010627,3.9166667,98.7667,200102,1,0.0
272,20010628,11.2931,49.1791,200102,1,0.0
273,20010629,13.7083333,42.9667,200102,1,0.0
274,20010712,3.7766667,98.6767,200103,1,0.0
275,20010731,3.1528,99.6564,200103,1,0.0
276,20010803,3.7766667,98.6767,200103,1,0.0
277,20010809,3.7766667,98.6767,200103,1,0.0
278,20010825,5.0344,98.0568,200103,1,0.0
279,20010831,12.7166667,43.3167,200103,1,0.0
280,20010831,11.1333333,43.8833,200103,1,0.0
281,20010908,12.8,43.25,200103,1,0.0
282,20010924,14.0166667,42.6833,200103,1,0.0
283,20011022,3.7766667,98.6767,200104,1,0.0
284,20011103,1.8283333,102.525,200104,1,0.0
285,20011104,12.4833333,44.7167,200104,1,0.0
286,20011108,3.7765,98.7,200104,1,0.0
287,20011111,2.0333333,102.95,200104,1,0.0
288,20011117,3.7766667,98.6767,200104,1,0.0
289,20011120,3.7766667,98.6767,200104,1,0.0
290,20011125,3.7766667,98.6767,200104,1,0.0
291,20011214,3.9833,100.1,200104,1,0.0
292,20011215,1.05,103.6517,200104,1,0.0
293,20011224,12.5,44.8167,200104,1,0.0
294,20020109,14.6983333,51.2367,200201,1,0.0
295,20020109,14.5403333,51.0805,200201,1,0.0
296,20020109,14.565,51.375,200201,1,0.0
297,20020118,3.7836667,98.7007,200201,1,0.0
298,20020120,1.9581667,102.6835,200201,1,0.0
299,20020124,14.9166667,51.0333,200201,1,0.0
300,20020205,13.5333333,44.0,200201,1,0.0
301,20020213,13.25,49.3333,200201,1,0.0
302,20020224,5.3863333,100.365,200201,1,0.0
303,20020304,3.7836667,98.7007,200201,1,0.0
304,20020310,4.1633333,99.4267,200201,1,0.0
305,20020311,2.5833333,101.5,200201,1,0.0
306,20020311,3.7836667,98.7007,200201,1,0.0
307,20020314,1.8615,102.459,200201,1,0.0
308,20020331,14.0,51.8733,200201,1,0.0
309,20020405,3.9266667,98.775,200202,1,0.0
310,20020417,4.9173,99.2682,200202,1,0.0
311,20020417,4.9173,99.2682,200202,1,0.0
312,20020417,4.9173,99.2682,200202,1,0.0
313,20020417,4.9173,99.2682,200202,1,0.0
314,20020417,14.1333333,49.65,200202,1,0.0
315,20020418,12.3766667,44.215,200202,1,0.0
316,20020511,12.5,46.3833,200202,1,0.0
317,20020520,3.9906667,98.7702,200202,1,0.0
318,20020521,1.1283333,103.7617,200202,1,0.0
319,20020521,1.155,103.795,200202,1,0.0
320,20020601,4.9173,99.2682,200202,1,0.0
321,20020601,13.2466667,42.9417,200202,1,0.0
322,20020614,1.2201,103.6051,200202,1,0.0
323,20020615,10.8333333,50.1667,200202,1,0.0
324,20020702,3.7836667,98.7007,200203,1,0.0
325,20020703,3.7836667,98.7007,200203,1,0.0
326,20020730,11.8833333,51.0667,200203,1,0.0
327,20020826,1.692,102.7892,200203,1,0.0
328,20020829,3.7836667,98.7007,200203,1,0.0
329,20020906,1.59,101.9067,200203,1,0.0
330,20020908,13.8,42.7,200203,1,0.0
331,20020928,1.1905,103.3525,200203,1,0.0
332,20021006,14.8,49.8333,200204,1,0.0
333,20021011,1.6855,101.4547,200204,1,0.0
334,20021117,4.488,99.7022,200204,1,0.0
335,20021121,12.6833333,43.3333,200204,1,0.0
336,20021124,5.1688,99.7421,200204,1,0.0
337,20021128,2.4083,101.8493,200204,1,0.0
338,20021201,1.0576667,103.3923,200204,1,0.0
339,20030128,1.1666667,104.0,200301,1,0.0
340,20030209,4.75,98.25,200301,1,0.0
341,20030218,5.4166667,100.3432,200301,1,0.0
342,20030218,1.6766667,101.45,200301,1,0.0
343,20030225,4.5333333,98.2367,200301,1,0.0
344,20030228,1.6766667,101.45,200301,1,0.0
345,20030302,13.5133333,48.3467,200301,1,0.0
346,20030309,13.1833333,48.6667,200301,1,0.0
347,20030309,13.1833333,48.6667,200301,1,0.0
348,20030309,13.1833333,48.6667,200301,1,0.0
349,20030309,13.1833333,48.6667,200301,1,0.0
350,20030309,13.1833333,48.6667,200301,1,0.0
351,20030313,12.0,51.5,200301,1,0.0
352,20030317,4.2272,99.8765,200301,1,0.0
353,20030318,4.2533333,98.89,200301,1,0.0
354,20030326,1.8266667,102.2417,200301,1,0.0
355,20030408,4.3616667,98.7267,200302,1,0.0
356,20030410,4.2266,99.389,200302,1,0.0
357,20030411,1.4166667,103.0833,200302,1,0.0
358,20030413,2.2366667,101.9083,200302,1,0.0
359,20030420,13.05,51.2833,200302,1,0.0
360,20030425,2.1333333,101.75,200302,1,0.0
361,20030428,13.4,50.65,200302,1,0.0
362,20030428,13.3,49.3333,200302,1,0.0
363,20030505,13.58,49.15,200302,1,0.0
364,20030508,1.9166667,102.3333,200302,1,0.0
365,20030508,13.3,50.3667,200302,1,0.0
366,20030512,5.2,98.55,200302,1,0.0
367,20030512,14.3416667,50.6117,200302,1,0.0
368,20030513,4.5166667,98.3833,200302,1,0.0
369,20030516,12.3,47.55,200302,1,0.0
370,20030516,1.7033333,101.4483,200302,1,0.0
371,20030517,12.8866667,49.375,200302,1,0.0
372,20030528,4.2206,100.5289,200302,1,0.0
373,20030613,12.7666667,43.25,200302,1,0.0
374,20030630,3.7766667,98.6767,200302,1,0.0
375,20030717,1.3666667,103.2383,200303,1,0.0
376,20030720,1.64,103.9667,200303,1,0.0
377,20030728,1.99,102.1283,200303,1,0.0
378,20030803,12.6166667,47.4833,200303,1,0.0
379,20030803,12.9166667,47.5833,200303,1,0.0
380,20030810,2.7916667,101.0883,200303,1,0.0
381,20030905,3.9833,100.0698,200303,1,0.0
382,20030929,12.5182,47.6446,200303,1,0.0
383,20031023,3.7766667,98.6767,200304,1,0.0
384,20031025,4.945,98.1033,200304,1,0.0
385,20031026,4.558,99.373,200304,1,0.0
386,20031201,4.83,98.5617,200304,1,0.0
387,20031211,1.9716667,102.0783,200304,1,0.0
388,20031220,1.1333333,103.5,200304,1,0.0
389,20040102,1.0716667,103.6,200401,1,0.0
390,20040105,4.9173,99.2682,200401,1,0.0
391,20040129,1.1766667,103.4533,200401,1,0.0
392,20040129,1.1366667,103.4917,200401,1,0.0
393,20040130,15.215,41.935,200401,1,0.0
394,20040202,5.3195,100.3259,200401,1,0.0
395,20040203,1.0903333,103.5672,200401,1,0.0
396,20040210,4.6166667,99.4667,200401,1,0.0
397,20040210,3.0073333,100.0365,200401,1,0.0
398,20040215,1.9333333,101.8333,200401,1,0.0
399,20040227,12.1833,43.5167,200401,1,0.0
400,20040227,13.4166667,47.5,200401,1,0.0
401,20040229,24.7266667,61.9167,200401,1,0.0
402,20040305,1.2416667,103.3717,200401,1,0.0
403,20040313,4.8533333,98.325,200401,1,0.0
404,20040315,25.8688333,55.0067,200401,1,0.0
405,20040316,1.2355,103.5783,200401,1,0.0
406,20040324,3.9183333,98.7817,200401,1,0.0
407,20040328,2.6233333,101.4617,200401,1,0.0
408,20040328,3.05,100.7833,200401,1,0.0
409,20040408,1.6666667,102.1667,200402,1,0.0
410,20040420,2.1,101.9583,200402,1,0.0
411,20040422,1.7101667,101.4638,200402,1,0.0
412,20040425,5.252,100.1842,200402,1,0.0
413,20040503,1.7133333,101.465,200402,1,0.0
414,20040509,1.2333333,103.5667,200402,1,0.0
415,20040519,3.9183333,98.7817,200402,1,0.0
416,20040519,5.275,100.208,200402,1,0.0
417,20040529,5.085,100.17,200402,1,0.0
418,20040604,4.975,98.6867,200402,1,0.0
419,20040607,12.5,48.6333,200402,1,0.0
420,20040611,4.053,99.3557,200402,1,0.0
421,20040615,5.4666667,98.5667,200402,1,0.0
422,20040620,3.9833,100.1,200402,1,0.0
423,20040620,26.1666667,55.7333,200402,1,0.0
424,20040620,10.5,51.25,200402,1,0.0
425,20040623,1.7133333,101.465,200402,1,0.0
426,20040726,3.9833,100.1,200403,1,0.0
427,20040726,4.8066667,98.6483,200403,1,0.0
428,20040728,3.9183333,98.7817,200403,1,0.0
429,20040807,5.0916667,98.4783,200403,1,0.0
430,20040826,15.0666667,41.7333,200403,1,0.0
431,20040831,1.2333333,104.0,200403,1,0.0
432,20040920,1.7133333,101.465,200403,1,0.0
433,20040925,3.46,99.7867,200403,1,0.0
434,20040926,12.625,43.32,200403,1,0.0
435,20040930,4.7666667,98.6833,200403,1,0.0
436,20041003,3.5166667,100.1833,200404,1,0.0
437,20041027,1.75,102.6667,200404,1,0.0
438,20041028,12.55,45.245,200404,1,0.0
439,20041103,5.0333333,99.1833,200404,1,0.0
440,20041104,5.0833333,98.4333,200404,1,0.0
441,20041119,1.7133333,101.465,200404,1,0.0
442,20041127,1.7733333,102.6567,200404,1,0.0
443,20041127,4.9816667,98.4333,200404,1,0.0
444,20041127,4.9816667,98.4333,200404,1,0.0
445,20041130,5.1015,98.6117,200404,1,0.0
446,20041201,1.6855,101.4547,200404,1,0.0
447,20041212,13.56,48.21,200404,1,0.0
448,20041215,5.9833333,98.9333,200404,1,0.0
449,20041217,3.9,99.9,200404,1,0.0
450,20041219,14.5833333,50.3333,200404,1,0.0
451,20050102,26.22,57.87,200501,1,0.0
452,20050118,3.7767,98.6767,200501,1,0.0
453,20050228,5.0183,99.5397,200501,1,0.0
454,20050308,13.4667,48.1167,200501,1,0.0
455,20050308,13.4667,48.1167,200501,1,0.0
456,20050312,3.6208,99.6125,200501,1,0.0
457,20050314,4.4267,99.6783,200501,1,0.0
458,20050315,11.985,51.2767,200501,1,0.0
459,20050315,14.3333,50.8333,200501,1,0.0
460,20050316,12.7558,51.553,200501,1,0.0
461,20050331,3.115,100.7433,200501,1,0.0
462,20050405,1.1467,103.4833,200502,1,0.0
463,20050408,1.255,103.562,200502,1,0.0
464,20050411,3.791,98.7107,200502,1,0.0
465,20050423,3.7767,98.6767,200502,1,0.0
466,20050513,5.2167,98.1,200502,1,0.0
467,20050514,1.6767,101.45,200502,1,0.0
468,20050524,15.325,41.5417,200502,1,0.0
469,20050601,4.25,100.3,200502,1,0.0
470,20050607,3.7767,98.6767,200502,1,0.0
471,20050610,5.0417,99.9733,200502,1,0.0
472,20050614,5.5967,99.9633,200502,1,0.0
473,20050706,1.705,101.445,200503,1,0.0
474,20050713,1.2197,103.5687,200503,1,0.0
475,20050717,12.1533,50.8667,200503,1,0.0
476,20050718,12.1833,50.45,200503,1,0.0
477,20050721,2.0389,102.3391,200503,1,0.0
478,20050723,12.5383,43.4433,200503,1,0.0
479,20050723,13.6922,42.486,200503,1,0.0
480,20050729,12.4,50.5,200503,1,0.0
481,20050803,13.4,49.4167,200503,1,0.0
482,20050804,2.325,101.8333,200503,1,0.0
483,20050816,1.0,104.0,200503,1,0.0
484,20050831,15.0167,41.8833,200503,1,0.0
485,20051130,1.23,103.58,200504,1,0.0
486,20051206,12.0167,50.5833,200504,1,0.0
487,20051211,13.1167,49.2167,200504,1,0.0
488,20051214,12.2133,46.18,200504,1,0.0
489,20051224,4.2333,98.3833,200504,1,0.0
490,20060107,13.9767,49.3467,200601,1,0.0
491,20060107,13.7167,49.15,200601,1,0.0
492,20060115,1.7133,101.465,200601,1,0.0
493,20060121,15.8333,41.75,200601,1,0.0
494,20060125,13.46,42.9833,200601,1,0.0
495,20060127,11.9167,51.3167,200601,1,0.0
496,20060218,13.65,49.3,200601,1,0.0
497,20060218,14.4,51.7267,200601,1,0.0
498,20060219,27.5617,33.7833,200601,1,0.0
499,20060401,13.545,49.5467,200602,1,0.0
500,20060405,1.6548,102.76,200602,1,0.0
501,20060417,1.7033,102.7883,200602,1,0.0
502,20060417,4.5018,100.507,200602,1,0.0
503,20060510,12.92,49.61,200602,1,0.0
504,20060604,25.6667,57.0667,200602,1,0.0
505,20060702,4.9237,98.0105,200603,1,0.0
506,20060703,4.64,98.2133,200603,1,0.0
507,20060703,5.2833,98.025,200603,1,0.0
508,20060726,3.9183,98.7817,200603,1,0.0
509,20060727,6.2317,98.6283,200603,1,0.0
510,20060727,6.2317,98.6283,200603,1,0.0
511,20060812,24.9833,59.2667,200603,1,0.0
512,20060916,1.6627,101.6383,200603,1,0.0
513,20061007,5.0783,98.025,200604,1,0.0
514,20061105,4.15,99.6333,200604,1,0.0
515,20061115,3.9183,98.7817,200604,1,0.0
516,20061120,1.7058,101.4553,200604,1,0.0
517,20061128,12.4167,44.4167,200604,1,0.0
518,20061129,4.6833,98.7,200604,1,0.0
519,20061204,1.1583,103.5,200604,1,0.0
520,20061208,1.15,103.5655,200604,1,0.0
521,20061218,27.0567,56.225,200604,1,0.0
522,20061218,3.905,98.785,200604,1,0.0
523,20070121,3.645,99.5,200701,1,0.0
524,20070122,1.7,101.4833,200701,1,0.0
525,20070212,12.5331,47.9223,200701,1,0.0
526,20070215,13.45,43.0333,200701,1,0.0
527,20070225,11.8333,51.5833,200701,1,0.0
528,20070311,18.5427,38.2042,200701,1,0.0
529,20070312,18.4837,38.321,200701,1,0.0
530,20070321,1.6867,101.465,200701,1,0.0
531,20070321,14.06,49.1167,200701,1,0.0
532,20070328,4.6667,99.2583,200701,1,0.0
533,20070406,1.7075,101.451,200702,1,0.0
534,20070418,6.6545,99.941,200702,1,0.0
535,20070425,1.0667,103.5167,200702,1,0.0
536,20070429,1.0933,103.47,200702,1,0.0
537,20070510,3.9225,98.7798,200702,1,0.0
538,20070522,7.0,102.0,200702,1,0.0
539,20070607,15.8166,40.6009,200702,1,0.0
540,20070626,3.9167,98.7667,200702,1,0.0
541,20070710,12.9833,49.2833,200703,1,0.0
542,20070711,3.9167,98.7333,200703,1,0.0
543,20070720,12.5333,44.05,200703,1,0.0
544,20070720,12.5167,44.2,200703,1,0.0
545,20070813,4.2383,99.0783,200703,1,0.0
546,20070813,3.925,98.775,200703,1,0.0
547,20070818,3.9078,98.778,200703,1,0.0
548,20070822,1.0683,103.5067,200703,1,0.0
549,20070824,3.9217,98.776,200703,1,0.0
550,20070828,6.115,98.5117,200703,1,0.0
551,20070920,11.721,43.6987,200703,1,0.0
552,20071004,25.3667,58.0833,200704,1,0.0
553,20071019,4.1233,99.8667,200704,1,0.0
554,20071021,13.2333,48.2167,200704,1,0.0
555,20071022,12.4917,45.25,200704,1,0.0
556,20071023,3.9333,98.795,200704,1,0.0
557,20071028,13.0833,50.4,200704,1,0.0
558,20071101,1.875,102.1583,200704,1,0.0
559,20071106,3.92,99.77,200704,1,0.0
560,20071129,3.85,98.8,200704,1,0.0
561,20080110,1.0933,103.575,200801,1,0.0
562,20080201,4.0,99.5833,200801,1,0.0
563,20080201,12.9167,51.3933,200801,1,0.0
564,20080201,12.95,51.4,200801,1,0.0
565,20080308,3.7852,98.6923,200801,1,0.0
566,20080318,12.8867,50.245,200801,1,0.0
567,20080329,14.2017,50.7467,200801,1,0.0
568,20080401,13.7635,49.3132,200802,1,0.0
569,20080401,14.5,49.1667,200802,1,0.0
570,20080404,13.214,50.2438,200802,1,0.0
571,20080417,3.9385,98.769,200802,1,0.0
572,20080421,13.005,49.1233,200802,1,0.0
573,20080421,11.3908,49.1867,200802,1,0.0
574,20080428,14.2583,50.1967,200802,1,0.0
575,20080428,12.6467,49.7817,200802,1,0.0
576,20080502,3.815,100.7217,200802,1,0.0
577,20080502,3.815,100.7217,200802,1,0.0
578,20080519,12.8217,50.605,200802,1,0.0
579,20080523,13.27,49.145,200802,1,0.0
580,20080524,13.9667,50.7,200802,1,0.0
581,20080525,13.2728,50.8303,200802,1,0.0
582,20080525,13.42,47.9633,200802,1,0.0
583,20080527,1.1083,103.7597,200802,1,0.0
584,20080528,13.17,48.9795,200802,1,0.0
585,20080603,12.73,49.8583,200802,1,0.0
586,20080621,13.145,48.0617,200802,1,0.0
587,20080706,12.5717,43.4267,200803,1,0.0
588,20080715,13.5167,49.1933,200803,1,0.0
589,20080718,12.7917,51.0333,200803,1,0.0
590,20080720,3.9233,98.7483,200803,1,0.0
591,20080720,13.2832,50.0578,200803,1,0.0
592,20080726,3.95,98.8,200803,1,0.0
593,20080806,3.9367,98.78,200803,1,0.0
594,20080808,13.2,49.9333,200803,1,0.0
595,20080812,13.6468,49.7523,200803,1,0.0
596,20080819,12.7707,47.9197,200803,1,0.0
597,20080821,12.965,48.945,200803,1,0.0
598,20080821,13.8217,50.3983,200803,1,0.0
599,20080821,14.4403,49.941,200803,1,0.0
600,20080823,14.1883,50.3383,200803,1,0.0
601,20080823,14.2667,50.3233,200803,1,0.0
602,20080829,13.2,46.6167,200803,1,0.0
603,20080902,11.807,50.5333,200803,1,0.0
604,20080903,13.615,49.2033,200803,1,0.0
605,20080903,14.45,49.6667,200803,1,0.0
606,20080905,12.9583,47.0667,200803,1,0.0
607,20080906,12.95,47.2833,200803,1,0.0
608,20080906,12.9633,47.0267,200803,1,0.0
609,20080907,12.7667,45.8333,200803,1,0.0
610,20080908,12.9033,46.07,200803,1,0.0
611,20080908,12.758,46.0883,200803,1,0.0
612,20080910,13.151,47.95,200803,1,0.0
613,20080910,12.675,48.375,200803,1,0.0
614,20080912,13.4,48.3333,200803,1,0.0
615,20080913,13.5383,48.7883,200803,1,0.0
616,20080914,13.642,48.9833,200803,1,0.0
617,20080915,13.5757,49.0097,200803,1,0.0
618,20080918,14.2167,49.9833,200803,1,0.0
619,20080918,13.9,49.5167,200803,1,0.0
620,20080919,13.2177,49.5173,200803,1,0.0
621,20080926,13.5372,48.606,200803,1,0.0
622,20081001,13.2265,47.9587,200804,1,0.0
623,20081001,13.3833,48.15,200804,1,0.0
624,20081001,13.1667,47.7167,200804,1,0.0
625,20081001,12.7078,49.1717,200804,1,0.0
626,20081002,13.1233,48.7633,200804,1,0.0
627,20081004,1.2005,103.9003,200804,1,0.0
628,20081009,14.0753,50.8707,200804,1,0.0
629,20081010,13.1027,47.2238,200804,1,0.0
630,20081014,12.9903,48.4953,200804,1,0.0
631,20081015,13.5653,50.1783,200804,1,0.0
632,20081016,12.7333,45.8667,200804,1,0.0
633,20081028,12.67,45.4817,200804,1,0.0
634,20081028,13.4333,48.45,200804,1,0.0
635,20081028,12.9,46.6667,200804,1,0.0
636,20081028,13.2847,48.5905,200804,1,0.0
637,20081029,13.0025,46.6788,200804,1,0.0
638,20081031,1.1833,103.8417,200804,1,0.0
639,20081102,13.0333,46.6167,200804,1,0.0
640,20081107,12.7667,45.9333,200804,1,0.0
641,20081110,1.1848,103.8683,200804,1,0.0
642,20081110,13.46,48.4467,200804,1,0.0
643,20081111,12.75,46.0667,200804,1,0.0
644,20081112,12.56,45.1767,200804,1,0.0
645,20081112,13.1167,46.8,200804,1,0.0
646,20081113,13.4667,49.3583,200804,1,0.0
647,20081114,13.355,47.3143,200804,1,0.0
648,20081115,12.85,46.7167,200804,1,0.0
649,20081118,14.3833,51.0833,200804,1,0.0
650,20081118,14.2858,50.2617,200804,1,0.0
651,20081124,14.1953,49.9842,200804,1,0.0
652,20081128,13.9,49.15,200804,1,0.0
653,20081129,12.3333,44.1833,200804,1,0.0
654,20081129,13.9,49.4333,200804,1,0.0
655,20081130,14.045,49.7283,200804,1,0.0
656,20081203,12.9915,47.6927,200804,1,0.0
657,20081206,3.9183,98.7817,200804,1,0.0
658,20081212,13.545,48.625,200804,1,0.0
659,20081212,13.5167,48.65,200804,1,0.0
660,20081213,13.7167,48.2833,200804,1,0.0
661,20081216,13.347,47.9605,200804,1,0.0
662,20081216,13.9,49.65,200804,1,0.0
663,20081217,14.4667,51.6,200804,1,0.0
664,20081225,14.2287,50.8508,200804,1,0.0
665,20081231,13.1333,47.45,200804,1,0.0
666,20090101,13.0833,47.05,200901,1,0.0
667,20090101,14.35,50.5667,200901,1,0.0
668,20090101,13.8833,49.4833,200901,1,0.0
669,20090101,14.7833,51.7833,200901,1,0.0
670,20090101,14.6033,51.1167,200901,1,0.0
671,20090101,13.9167,48.9667,200901,1,0.0
672,20090101,14.3917,51.2433,200901,1,0.0
673,20090102,14.315,50.8667,200901,1,0.0
674,20090102,13.7,50.65,200901,1,0.0
675,20090102,13.2167,47.5433,200901,1,0.0
676,20090102,13.1833,47.5417,200901,1,0.0
677,20090103,12.9167,45.1667,200901,1,0.0
678,20090104,13.4,48.25,200901,1,0.0
679,20090104,13.5667,48.7083,200901,1,0.0
680,20090104,14.3,50.5333,200901,1,0.0
681,20090113,12.4083,45.9617,200901,1,0.0
682,20090114,13.0363,47.3843,200901,1,0.0
683,20090129,14.1667,50.9667,200901,1,0.0
684,20090129,12.4617,44.175,200901,1,0.0
685,20090211,12.9917,48.2817,200901,1,0.0
686,20090212,13.15,49.15,200901,1,0.0
687,20090212,12.7333,47.77,200901,1,0.0
688,20090216,4.9173,99.2682,200901,1,0.0
689,20090219,5.175,99.1005,200901,1,0.0
690,20090222,12.5663,47.022,200901,1,0.0
691,20090224,13.8667,49.7,200901,1,0.0
692,20090225,13.14,49.1583,200901,1,0.0
693,20090226,12.1833,43.5167,200901,1,0.0
694,20090302,12.15,45.55,200901,1,0.0
695,20090303,13.0333,48.7167,200901,1,0.0
696,20090304,12.2983,44.165,200901,1,0.0
697,20090311,13.275,49.7383,200901,1,0.0
698,20090314,13.675,49.2917,200901,1,0.0
699,20090316,12.5567,43.425,200901,1,0.0
700,20090319,12.5833,47.35,200901,1,0.0
701,20090320,13.71,42.4633,200901,1,0.0
702,20090320,13.1667,49.2167,200901,1,0.0
703,20090324,6.6667,99.2333,200901,1,0.0
704,20090325,13.5167,42.5667,200901,1,0.0
705,20090326,12.6333,43.3,200901,1,0.0
706,20090328,12.4333,46.8833,200901,1,0.0
707,20090329,12.5331,47.9223,200901,1,0.0
708,20090329,11.8367,44.8883,200901,1,0.0
709,20090402,13.8517,51.2367,200902,1,0.0
710,20090405,12.5331,47.9223,200902,1,0.0
711,20090409,13.1283,49.155,200902,1,0.0
712,20090409,14.1333,51.4833,200902,1,0.0
713,20090410,11.2833,49.1833,200902,1,0.0
714,20090410,11.2833,49.1833,200902,1,0.0
715,20090411,12.4,46.3167,200902,1,0.0
716,20090411,12.2667,46.3933,200902,1,0.0
717,20090412,13.05,48.8167,200902,1,0.0
718,20090413,12.9,48.25,200902,1,0.0
719,20090417,12.85,47.8167,200902,1,0.0
720,20090418,12.2333,45.75,200902,1,0.0
721,20090418,12.305,46.495,200902,1,0.0
722,20090418,12.5182,47.6446,200902,1,0.0
723,20090418,12.5182,47.6446,200902,1,0.0
724,20090420,13.2483,47.6817,200902,1,0.0
725,20090420,12.725,47.7917,200902,1,0.0
726,20090424,3.9433,98.7617,200902,1,0.0
727,20090425,14.015,51.5283,200902,1,0.0
728,20090425,14.0167,51.5667,200902,1,0.0
729,20090426,13.425,47.4067,200902,1,0.0
730,20090428,12.5167,46.1167,200902,1,0.0
731,20090505,13.3667,49.3833,200902,1,0.0
732,20090505,13.1333,49.15,200902,1,0.0
733,20090505,13.1617,49.1483,200902,1,0.0
734,20090506,13.5933,49.9917,200902,1,0.0
735,20090507,13.7167,50.5833,200902,1,0.0
736,20090507,14.7333,51.2333,200902,1,0.0
737,20090507,12.2067,45.7533,200902,1,0.0
738,20090507,13.0667,49.0,200902,1,0.0
739,20090510,12.55,43.4333,200902,1,0.0
740,20090513,13.3,49.3,200902,1,0.0
741,20090517,14.15,51.9167,200902,1,0.0
742,20090517,4.7767,103.7367,200902,1,0.0
743,20090518,12.7667,48.5,200902,1,0.0
744,20090518,12.9333,48.5,200902,1,0.0
745,20090519,13.23,49.1717,200902,1,0.0
746,20090525,13.1833,49.3317,200902,1,0.0
747,20090526,13.0833,48.9667,200902,1,0.0
748,20090528,13.0228,48.8105,200902,1,0.0
749,20090529,12.3333,46.4333,200902,1,0.0
750,20090529,12.1983,46.3667,200902,1,0.0
751,20090531,12.995,48.705,200902,1,0.0
752,20090531,13.4833,43.0167,200902,1,0.0
753,20090601,13.5533,50.4833,200902,1,0.0
754,20090607,13.0533,48.9,200902,1,0.0
755,20090607,13.0833,48.895,200902,1,0.0
756,20090613,13.6,43.4167,200902,1,0.0
757,20090614,12.5583,43.4917,200902,1,0.0
758,20090614,12.9833,43.15,200902,1,0.0
759,20090614,12.5833,43.4667,200902,1,0.0
760,20090614,12.965,43.155,200902,1,0.0
761,20090615,12.9667,48.45,200902,1,0.0
762,20090618,16.0,41.4117,200902,1,0.0
763,20090619,12.635,43.3617,200902,1,0.0
764,20090622,13.55,50.3167,200902,1,0.0
765,20090622,1.1333,103.5967,200902,1,0.0
766,20090622,13.485,50.3417,200902,1,0.0
767,20090708,13.7333,50.7167,200903,1,0.0
768,20090712,1.1485,103.7518,200903,1,0.0
769,20090713,12.3467,44.905,200903,1,0.0
770,20090803,13.775,50.705,200903,1,0.0
771,20090804,13.5333,48.8333,200903,1,0.0
772,20090814,12.5833,47.4167,200903,1,0.0
773,20090827,45.5248,50.6213,200903,1,0.0
774,20090830,1.1529,103.6155,200903,1,0.0
775,20090913,3.945,98.7683,200903,1,0.0
776,20090916,15.4833,41.5667,200903,1,0.0
777,20090918,14.3367,49.785,200903,1,0.0
778,20090919,13.9033,51.1633,200903,1,0.0
779,20090919,13.8683,51.0695,200903,1,0.0
780,20090919,13.8667,51.1167,200903,1,0.0
781,20090920,12.81,48.155,200903,1,0.0
782,20090926,13.1333,48.75,200903,1,0.0
783,20090926,12.25,45.65,200903,1,0.0
784,20090926,13.1928,49.4185,200903,1,0.0
785,20090926,13.1992,49.319,200903,1,0.0
786,20091005,13.6367,50.8417,200904,1,0.0
787,20091007,12.1167,45.46,200904,1,0.0
788,20091007,25.0317,58.0883,200904,1,0.0
789,20091012,12.2638,44.079,200904,1,0.0
790,20091016,13.725,50.925,200904,1,0.0
791,20091031,13.4333,49.7,200904,1,0.0
792,20091105,13.7133,51.935,200904,1,0.0
793,20091105,13.17,49.235,200904,1,0.0
794,20091107,12.622,47.1933,200904,1,0.0
795,20091116,12.8333,47.9167,200904,1,0.0
796,20091119,13.6317,47.6833,200904,1,0.0
797,20091207,12.9,48.1167,200904,1,0.0
798,20091218,12.5331,47.9223,200904,1,0.0
799,20091222,3.925,98.7767,200904,1,0.0
800,20091228,1.0783,103.6417,200904,1,0.0
801,20091228,12.9667,48.5667,200904,1,0.0
802,20100101,12.5167,47.3,201001,1,0.0
803,20100116,12.9667,48.7,201001,1,0.0
804,20100117,12.655,47.565,201001,1,0.0
805,20100203,13.0667,47.0667,201001,1,0.0
806,20100205,13.0,48.75,201001,1,0.0
807,20100228,12.5417,43.4333,201001,1,0.0
808,20100301,12.5182,47.6446,201001,1,0.0
809,20100302,12.64,44.79,201001,1,0.0
810,20100303,13.6167,42.975,201001,1,0.0
811,20100308,13.625,42.5167,201001,1,0.0
812,20100318,12.5182,47.6446,201001,1,0.0
813,20100326,12.5367,44.7517,201001,1,0.0
814,20100326,13.2567,49.19,201001,1,0.0
815,20100328,13.1333,48.75,201001,1,0.0
816,20100329,13.25,46.6667,201001,1,0.0
817,20100330,1.7553,101.4932,201001,1,0.0
818,20100403,13.8617,51.085,201002,1,0.0
819,20100404,13.98,51.4167,201002,1,0.0
820,20100406,14.1,51.8633,201002,1,0.0
821,20100414,12.7,47.3833,201002,1,0.0
822,20100417,4.0383,99.75,201002,1,0.0
823,20100425,13.7703,42.9617,201002,1,0.0
824,20100425,13.8,43.0,201002,1,0.0
825,20100427,4.7333,103.9667,201002,1,0.0
826,20100501,3.6333,103.75,201002,1,0.0
827,20100501,12.0667,44.0667,201002,1,0.0
828,20100505,13.1,48.6167,201002,1,0.0
829,20100511,12.5167,47.1333,201002,1,0.0
830,20100512,12.4617,43.7233,201002,1,0.0
831,20100525,12.5182,47.6446,201002,1,0.0
832,20100530,13.1,48.7,201002,1,0.0
833,20100602,13.75,50.3,201002,1,0.0
834,20100602,12.6007,43.4673,201002,1,0.0
835,20100603,12.2833,44.1833,201002,1,0.0
836,20100604,13.35,42.8,201002,1,0.0
837,20100607,13.3833,42.7667,201002,1,0.0
838,20100613,13.4,49.5833,201002,1,0.0
839,20100615,13.4333,42.6833,201002,1,0.0
840,20100618,13.3933,42.7467,201002,1,0.0
841,20100621,13.545,42.985,201002,1,0.0
842,20100623,12.5717,43.46,201002,1,0.0
843,20100624,13.2033,43.0633,201002,1,0.0
844,20100627,13.4533,42.6433,201002,1,0.0
845,20100627,12.61,43.4017,201002,1,0.0
846,20100628,1.0592,103.5647,201002,1,0.0
847,20100628,13.4,49.9667,201002,1,0.0
848,20100628,1.1,103.7333,201002,1,0.0
849,20100704,15.3067,41.8267,201003,1,0.0
850,20100704,13.2667,42.9333,201003,1,0.0
851,20100709,13.3333,42.9167,201003,1,0.0
852,20100709,15.4867,41.7067,201003,1,0.0
853,20100718,3.9167,98.7667,201003,1,0.0
854,20100721,14.3667,42.1333,201003,1,0.0
855,20100802,13.0333,48.9,201003,1,0.0
856,20100803,13.7083,42.95,201003,1,0.0
857,20100803,12.9333,48.1333,201003,1,0.0
858,20100804,15.81,41.4283,201003,1,0.0
859,20100805,12.58,43.4,201003,1,0.0
860,20100805,13.1833,49.0667,201003,1,0.0
861,20100808,12.1933,45.7267,201003,1,0.0
862,20100811,13.5987,42.635,201003,1,0.0
863,20100812,1.7137,101.4593,201003,1,0.0
864,20100818,13.2583,49.1333,201003,1,0.0
865,20100818,3.3783,100.4933,201003,1,0.0
866,20100822,13.325,49.8167,201003,1,0.0
867,20100822,13.435,49.6933,201003,1,0.0
868,20100828,13.5317,49.97,201003,1,0.0
869,20100906,13.5333,49.6617,201003,1,0.0
870,20100908,13.3833,49.9667,201003,1,0.0
871,20100908,12.5182,47.6446,201003,1,0.0
872,20100911,12.9,43.1783,201003,1,0.0
873,20101003,13.3533,49.485,201004,1,0.0
874,20101020,1.6855,101.4547,201004,1,0.0
875,20101022,13.1333,48.7333,201004,1,0.0
876,20101023,13.1517,49.21,201004,1,0.0
877,20101028,13.1333,49.2333,201004,1,0.0
878,20101102,3.9183,98.7817,201004,1,0.0
879,20101102,13.5237,48.3193,201004,1,0.0
880,20101107,1.7,101.45,201004,1,0.0
881,20101115,14.05,49.1333,201004,1,0.0
882,20101213,13.15,48.4833,201004,1,0.0
883,20101213,13.8733,51.1183,201004,1,0.0
884,20101223,1.2053,103.5697,201004,1,0.0
885,20101231,1.2483,103.4483,201004,1,0.0
886,20110101,13.15,48.8167,201101,1,0.0
887,20110110,14.5167,42.4833,201101,1,0.0
888,20110112,12.1167,45.4167,201101,1,0.0
889,20110115,12.695,44.8017,201101,1,0.0
890,20110120,13.1533,49.2433,201101,1,0.0
891,20110124,1.0833,103.7333,201101,1,0.0
892,20110126,4.75,103.55,201101,1,0.0
893,20110130,25.0333,60.3833,201101,1,0.0
894,20110210,13.16,43.1083,201101,1,0.0
895,20110211,1.1667,103.5833,201101,1,0.0
896,20110217,1.135,103.5367,201101,1,0.0
897,20110219,12.3167,44.1,201101,1,0.0
898,20110316,3.945,98.7733,201101,1,0.0
899,20110318,1.0833,103.5833,201101,1,0.0
900,20110319,1.6767,101.45,201101,1,0.0
901,20110322,13.1667,49.1,201101,1,0.0
902,20110329,13.502,47.5038,201101,1,0.0
903,20110401,14.0833,51.7167,201102,1,0.0
904,20110405,1.7537,101.3695,201102,1,0.0
905,20110410,12.0333,45.1333,201102,1,0.0
906,20110411,12.5167,43.6333,201102,1,0.0
907,20110412,13.6667,49.9333,201102,1,0.0
908,20110412,14.3667,42.6,201102,1,0.0
909,20110415,1.6933,101.4967,201102,1,0.0
910,20110419,1.7055,101.4527,201102,1,0.0
911,20110422,14.0333,42.85,201102,1,0.0
912,20110503,13.1817,49.3133,201102,1,0.0
913,20110505,1.7167,101.4333,201102,1,0.0
914,20110510,25.2967,58.1133,201102,1,0.0
915,20110513,1.2294,103.8689,201102,1,0.0
916,20110513,13.1783,48.6167,201102,1,0.0
917,20110515,3.7767,98.6767,201102,1,0.0
918,20110516,24.1833,61.1833,201102,1,0.0
919,20110520,13.25,43.0167,201102,1,0.0
920,20110521,25.4833,57.5167,201102,1,0.0
921,20110522,14.5167,42.2167,201102,1,0.0
922,20110525,12.55,43.4333,201102,1,0.0
923,20110525,13.2117,48.9733,201102,1,0.0
924,20110525,12.62,43.32,201102,1,0.0
925,20110526,1.1833,103.9333,201102,1,0.0
926,20110529,14.4,42.0667,201102,1,0.0
927,20110531,13.5,42.5833,201102,1,0.0
928,20110531,13.5833,42.6167,201102,1,0.0
929,20110602,1.1667,103.8333,201102,1,0.0
930,20110606,14.1667,42.3167,201102,1,0.0
931,20110607,13.555,50.4567,201102,1,0.0
932,20110610,13.4833,42.6167,201102,1,0.0
933,20110611,13.4833,42.7167,201102,1,0.0
934,20110611,13.7017,42.5967,201102,1,0.0
935,20110611,13.5817,42.6233,201102,1,0.0
936,20110612,29.9667,32.5432,201102,1,0.0
937,20110616,13.73,42.9467,201102,1,0.0
938,20110629,13.2833,42.9833,201102,1,0.0
939,20110706,12.4833,44.7333,201103,1,0.0
940,20110713,12.7333,43.3,201103,1,0.0
941,20110715,29.8217,32.52,201103,1,0.0
942,20110716,13.605,50.2883,201103,1,0.0
943,20110716,13.8,51.4167,201103,1,0.0
944,20110718,14.6017,42.3183,201103,1,0.0
945,20110720,3.9317,98.7633,201103,1,0.0
946,20110720,13.4317,42.6933,201103,1,0.0
947,20110720,13.4933,42.5983,201103,1,0.0
948,20110721,13.4167,42.8433,201103,1,0.0
949,20110721,13.4833,42.6,201103,1,0.0
950,20110722,12.9333,48.5,201103,1,0.0
951,20110722,13.5283,42.7033,201103,1,0.0
952,20110722,13.0067,48.3667,201103,1,0.0
953,20110723,13.6883,42.9567,201103,1,0.0
954,20110806,13.12,43.0817,201103,1,0.0
955,20110807,4.4167,99.8333,201103,1,0.0
956,20110808,1.7083,101.4933,201103,1,0.0
957,20110808,1.2513,103.4597,201103,1,0.0
958,20110809,13.1467,48.6933,201103,1,0.0
959,20110810,13.1467,43.0667,201103,1,0.0
960,20110811,15.15,42.9167,201103,1,0.0
961,20110812,1.7045,101.4783,201103,1,0.0
962,20110812,14.57,42.3983,201103,1,0.0
963,20110815,12.5917,43.425,201103,1,0.0
964,20110817,13.28,43.0183,201103,1,0.0
965,20110817,13.0667,48.0,201103,1,0.0
966,20110820,3.7883,98.7017,201103,1,0.0
967,20110823,13.1333,49.1833,201103,1,0.0
968,20110824,14.6067,42.365,201103,1,0.0
969,20110829,12.5042,43.8728,201103,1,0.0
970,20110908,1.1242,103.5958,201103,1,0.0
971,20110909,1.6767,101.45,201103,1,0.0
972,20110909,1.0638,103.5107,201103,1,0.0
973,20110910,14.0667,42.85,201103,1,0.0
974,20110924,12.43,43.6367,201103,1,0.0
975,20110925,14.15,42.8167,201103,1,0.0
976,20110928,14.0417,42.8167,201103,1,0.0
977,20110928,14.1,43.9833,201103,1,0.0
978,20110928,14.0697,41.8707,201103,1,0.0
979,20111002,13.0167,48.8167,201104,1,0.0
980,20111010,1.0467,103.6383,201104,1,0.0
981,20111026,1.7033,101.4883,201104,1,0.0
982,20111031,12.0,45.55,201104,1,0.0
983,20111116,3.9367,98.7917,201104,1,0.0
984,20111120,12.45,43.7833,201104,1,0.0
985,20111130,12.3,44.05,201104,1,0.0
986,20111201,1.7,101.4733,201104,1,0.0
987,20111210,1.7,101.4833,201104,1,0.0
988,20111213,1.2175,103.35,201104,1,0.0
989,20111219,12.6,47.05,201104,1,0.0
990,20111224,1.1667,103.65,201104,1,0.0
991,20111225,1.7067,101.4767,201104,1,0.0
992,20111228,1.2294,103.8689,201104,1,0.0
993,20111229,1.6767,101.45,201104,1,0.0
994,20120102,12.1558,49.17,201201,1,0.0
995,20120104,12.2333,44.1833,201201,1,0.0
996,20120104,13.1667,49.2,201201,1,0.0
997,20120104,12.2433,44.1967,201201,1,0.0
998,20120105,22.45,60.9833,201201,1,0.0
999,20120114,14.0222,49.1362,201201,1,0.0
1000,20120120,24.89,57.4567,201201,1,0.0
1001,20120122,1.705,101.4567,201201,1,0.0
1002,20120123,1.7,101.4333,201201,1,0.0
1003,20120124,13.1967,43.0442,201201,1,0.0
1004,20120130,1.0833,103.5,201201,1,0.0
1005,20120204,3.3873,99.4588,201201,1,0.0
1006,20120206,12.8117,43.2983,201201,1,0.0
1007,20120206,12.7333,43.3167,201201,1,0.0
1008,20120206,12.7167,43.2833,201201,1,0.0
1009,20120207,1.1033,103.4783,201201,1,0.0
1010,20120213,1.2133,103.575,201201,1,0.0
1011,20120215,12.5833,43.3333,201201,1,0.0
1012,20120222,13.55,50.3667,201201,1,0.0
1013,20120223,3.3833,99.45,201201,1,0.0
1014,20120225,26.1483,56.7017,201201,1,0.0
1015,20120227,12.4833,43.6833,201201,1,0.0
1016,20120302,12.9333,49.1667,201201,1,0.0
1017,20120308,1.7067,101.485,201201,1,0.0
1018,20120310,12.5417,43.4467,201201,1,0.0
1019,20120317,13.15,48.8667,201201,1,0.0
1020,20120325,1.7167,101.4333,201201,1,0.0
1021,20120402,1.7033,101.4583,201202,1,0.0
1022,20120403,1.7183,101.4383,201202,1,0.0
1023,20120406,1.7033,101.4583,201202,1,0.0
1024,20120406,25.4667,57.5333,201202,1,0.0
1025,20120406,1.7057,101.4473,201202,1,0.0
1026,20120408,3.9117,98.77,201202,1,0.0
1027,20120422,14.97,42.03,201202,1,0.0
1028,20120426,11.9333,44.65,201202,1,0.0
1029,20120512,13.8667,42.8667,201202,1,0.0
1030,20120514,29.835,32.5267,201202,1,0.0
1031,20120515,29.8167,32.55,201202,1,0.0
1032,20120515,1.1667,103.6833,201202,1,0.0
1033,20120518,25.3483,57.5767,201202,1,0.0
1034,20120523,12.75,43.3,201202,1,0.0
1035,20120523,4.8333,99.0667,201202,1,0.0
1036,20120523,25.4933,57.28,201202,1,0.0
1037,20120604,3.9573,98.7927,201202,1,0.0
1038,20120612,12.8267,43.265,201202,1,0.0
1039,20120612,13.3367,42.9483,201202,1,0.0
1040,20120618,12.3167,43.95,201202,1,0.0
1041,20120625,25.25,57.2733,201202,1,0.0
1042,20120713,1.441,103.885,201203,1,0.0
1043,20120717,1.7178,101.462,201203,1,0.0
1044,20120722,1.1,103.4667,201203,1,0.0
1045,20120727,13.5667,42.65,201203,1,0.0
1046,20120802,1.7133,101.465,201203,1,0.0
1047,20120817,1.0667,103.7,201203,1,0.0
1048,20120828,1.05,103.9,201203,1,0.0
1049,20120831,1.7133,101.465,201203,1,0.0
1050,20120903,3.9167,98.7767,201203,1,0.0
1051,20120908,1.2303,103.5802,201203,1,0.0
1052,20120911,3.9,98.7667,201203,1,0.0
1053,20120914,1.2473,103.4657,201203,1,0.0
1054,20120924,1.1183,103.59,201203,1,0.0
1055,20120929,3.9183,98.7817,201203,1,0.0
1056,20121005,29.8167,32.55,201204,1,0.0
1057,20121019,1.139,103.42,201204,1,0.0
1058,20121020,3.9183,98.7817,201204,1,0.0
1059,20121021,3.7967,98.7017,201204,1,0.0
1060,20121027,3.8983,98.7733,201204,1,0.0
1061,20121027,3.9333,98.7833,201204,1,0.0
1062,20121116,3.9317,98.8067,201204,1,0.0
1063,20121127,3.9317,98.7633,201204,1,0.0
1064,20121205,3.7837,98.7007,201204,1,0.0
1065,20121208,3.9183,98.7917,201204,1,0.0
1066,20121215,24.6,57.5383,201204,1,0.0
1067,20121215,24.1667,59.1333,201204,1,0.0
1068,20121218,11.3,49.1543,201204,1,0.0
1069,20121220,3.95,98.7817,201204,1,0.0
1070,20121220,24.7817,57.9133,201204,1,0.0
1071,20130108,1.1917,103.63,201301,1,0.0
1072,20130122,1.705,101.4867,201301,1,0.0
1073,20130202,3.9267,98.81,201301,1,0.0
1074,20130212,1.706,101.4545,201301,1,0.0
1075,20130213,1.1067,103.6033,201301,1,0.0
1076,20130218,1.705,101.45,201301,1,0.0
1077,20130227,1.7032,101.4852,201301,1,0.0
1078,20130304,14.29,49.8617,201301,1,0.0
1079,20130312,3.94,98.7467,201301,1,0.0
1080,20130314,13.65,50.8,201301,1,0.0
1081,20130323,1.7,101.4667,201301,1,0.0
1082,20130325,1.7,101.45,201301,1,0.0
1083,20130327,3.9333,98.7833,201301,1,0.0
1084,20130328,11.8667,51.3,201301,1,0.0
1085,20130403,1.7,101.4167,201302,1,0.0
1086,20130404,1.7017,101.49,201302,1,0.0
1087,20130406,3.9483,98.735,201302,1,0.0
1088,20130419,1.6833,101.5,201302,1,0.0
1089,20130427,3.7767,98.6767,201302,1,0.0
1090,20130430,3.7833,98.7,201302,1,0.0
1091,20130507,4.9173,99.2682,201302,1,0.0
1092,20130515,3.2833,103.8,201302,1,0.0
1093,20130519,12.2,44.3333,201302,1,0.0
1094,20130521,29.8333,33.55,201302,1,0.0
1095,20130603,3.9245,98.7822,201302,1,0.0
1096,20130605,11.6,49.25,201302,1,0.0
1097,20130608,3.9117,98.7767,201302,1,0.0
1098,20130609,4.5,103.9833,201302,1,0.0
1099,20130613,1.1,103.6,201302,1,0.0
1100,20130620,1.155,103.64,201302,1,0.0
1101,20130701,1.2294,103.8689,201303,1,0.0
1102,20130707,1.1167,103.6167,201303,1,0.0
1103,20130708,13.1667,43.1,201303,1,0.0
1104,20130711,1.11,103.6183,201303,1,0.0
1105,20130716,13.4667,43.0167,201303,1,0.0
1106,20130727,29.9667,32.5432,201303,1,0.0
1107,20130802,1.1,103.6333,201303,1,0.0
1108,20130823,3.7767,98.6767,201303,1,0.0
1109,20130915,1.153,103.574,201303,1,0.0
1110,20130922,1.2,103.6,201303,1,0.0
1111,20130923,1.1167,103.6167,201303,1,0.0
1112,20130927,3.9667,98.75,201303,1,0.0
1113,20131006,1.1,103.6,201304,1,0.0
1114,20131006,1.1333,103.5833,201304,1,0.0
1115,20131007,1.0833,103.4667,201304,1,0.0
1116,20131015,19.8167,38.8333,201304,1,0.0
1117,20131022,1.7133,101.44,201304,1,0.0
1118,20131022,3.7833,98.7667,201304,1,0.0
1119,20131026,3.6667,103.9167,201304,1,0.0
1120,20131027,3.9333,98.75,201304,1,0.0
1121,20131104,3.9,98.7667,201304,1,0.0
1122,20131107,1.3333,103.3,201304,1,0.0
1123,20131116,3.9,98.7667,201304,1,0.0
1124,20131122,1.6767,101.45,201304,1,0.0
1125,20131123,3.9195,98.7507,201304,1,0.0
1126,20131124,1.7,101.4833,201304,1,0.0
1127,20131127,1.1,103.6333,201304,1,0.0
1128,20131129,1.1,103.6,201304,1,0.0
1129,20131201,1.1,103.5833,201304,1,0.0
1130,20131207,1.1167,103.5833,201304,1,0.0
1131,20131209,12.8333,47.8167,201304,1,0.0
1132,20131209,12.875,47.8733,201304,1,0.0
1133,20131212,1.1,103.6167,201304,1,0.0
1134,20131218,3.7917,98.71,201304,1,0.0
1135,20131219,3.9133,98.7983,201304,1,0.0
1136,20131220,3.9,98.7833,201304,1,0.0
1137,20140103,3.95,98.7833,201401,1,0.0
1138,20140106,3.9167,98.7667,201401,1,0.0
1139,20140201,1.71,101.4267,201401,1,0.0
1140,20140206,1.05,103.6,201401,1,0.0
1141,20140207,3.7833,98.6833,201401,1,0.0
1142,20140208,12.4,43.5333,201401,1,0.0
1143,20140223,1.1833,103.5667,201401,1,0.0
1144,20140306,1.15,103.5,201401,1,0.0
1145,20140306,1.1833,103.4333,201401,1,0.0
1146,20140310,1.1333,103.4833,201401,1,0.0
1147,20140323,13.3,42.8667,201401,1,0.0
1148,20140330,26.4067,56.6967,201401,1,0.0
1149,20140331,1.1,103.5667,201401,1,0.0
1150,20140405,12.5917,43.4333,201402,1,0.0
1151,20140409,3.9,98.7667,201402,1,0.0
1152,20140414,12.4167,43.7167,201402,1,0.0
1153,20140417,12.4,43.7,201402,1,0.0
1154,20140419,3.9167,98.7667,201402,1,0.0
1155,20140422,2.9833,100.9,201402,1,0.0
1156,20140503,1.1667,103.5,201402,1,0.0
1157,20140514,1.08,103.4767,201402,1,0.0
1158,20140522,3.9267,98.7817,201402,1,0.0
1159,20140528,1.1333,103.5,201402,1,0.0
1160,20140529,1.1333,103.5,201402,1,0.0
1161,20140617,3.95,98.7667,201402,1,0.0
1162,20140625,1.1833,103.8667,201402,1,0.0
1163,20140630,1.1167,103.5,201402,1,0.0
1164,20140725,3.9183,98.7517,201403,1,0.0
1165,20140802,5.4017,100.0833,201403,1,0.0
1166,20140811,3.9,98.7667,201403,1,0.0
1167,20140818,12.8767,43.2367,201403,1,0.0
1168,20140822,1.1667,103.5667,201403,1,0.0
1169,20140824,1.2167,103.8833,201403,1,0.0
1170,20140925,26.25,56.75,201403,1,0.0
1171,20141018,1.1333,103.4667,201404,1,0.0
1172,20141019,1.1667,103.5333,201404,1,0.0
1173,20141020,1.1333,103.4833,201404,1,0.0
1174,20141023,1.1,103.5333,201404,1,0.0
1175,20141026,4.75,103.55,201404,1,0.0
1176,20141027,1.08,103.6,201404,1,0.0
1177,20141104,1.2167,103.5667,201404,1,0.0
1178,20141113,1.0167,103.4667,201404,1,0.0
1179,20141116,1.1333,103.5,201404,1,0.0
1180,20141122,1.1167,103.5,201404,1,0.0
1181,20141123,1.1167,103.4833,201404,1,0.0
1182,20141225,1.0333,103.6333,201404,1,0.0
1183,20141230,15.1,42.0,201404,1,0.0
1184,20150108,1.1833333333333331,103.61666666666667,201501,1,0.0
1185,20150114,1.035,103.9,201501,1,0.0
1186,20150118,1.1166666666667,103.51666666667006,201501,1,0.0
1187,20150122,1.1,103.53333333333,201501,1,0.0
1188,20150128,1.0333333333333,103.64999999999998,201501,1,0.0
1189,20150131,3.9166666666667,98.766666666667,201501,1,0.0
1190,20150131,1.1511111111111,103.45000000000005,201501,1,0.0
1191,20150213,3.1833333333333,100.71666666667,201501,1,0.0
1192,20150214,3.788333333333333,98.69333333333338,201501,1,0.0
1193,20150221,1.1672222222222222,103.43388888888887,201501,1,0.0
1194,20150225,1.1333333333333333,103.46666666666668,201501,1,0.0
1195,20150225,1.0677777777778,103.60000000000002,201501,1,0.0
1196,20150225,1.0666666666666669,103.56666666666666,201501,1,0.0
1197,20150320,1.7002777777778,101.48333333332994,201501,1,0.0
1198,20150321,3.9333333333333,98.75,201501,1,0.0
1199,20150321,1.2166666666667,103.96666666667,201501,1,0.0
1200,20150321,1.1166666666667,103.56666666667002,201501,1,0.0
1201,20150329,1.0875,103.58333333333007,201501,1,0.0
1202,20150329,1.1666666666667,103.43333333332998,201501,1,0.0
1203,20150330,1.1,103.51666666666668,201501,1,0.0
1204,20150402,1.05,103.65,201502,1,0.0
1205,20150416,1.05,103.66666666666674,201502,1,0.0
1206,20150418,1.1180555555556,103.75,201502,1,0.0
1207,20150420,1.0666666666666669,103.66666666666669,201502,1,0.0
1208,20150501,1.7166666666666668,101.4,201502,1,0.0
1209,20150502,2.2333333333333,101.93583333333004,201502,1,0.0
1210,20150503,3.783333333333333,98.7,201502,1,0.0
1211,20150504,1.0833333333333,103.71666666667,201502,1,0.0
1212,20150505,1.0516666666666667,103.61666666666666,201502,1,0.0
1213,20150508,1.0333333333333334,103.65,201502,1,0.0
1214,20150509,1.1666666666666667,103.83333333333331,201502,1,0.0
1215,20150509,1.066913737438387,103.66645128038522,201502,1,0.0
1216,20150510,1.7,101.46666666666668,201502,1,0.0
1217,20150518,1.0833333333333333,103.60000000000002,201502,1,0.0
1218,20150519,4.1333333333333,99.89999999999998,201502,1,0.0
1219,20150520,1.7166666666666668,101.48333333333332,201502,1,0.0
1220,20150522,1.0666666666667,103.70000000000005,201502,1,0.0
1221,20150523,1.0347222222222223,103.65,201502,1,0.0
1222,20150608,1.1855555555556,103.41666666666993,201502,1,0.0
1223,20150612,4.0011111111111,98.90138888888896,201502,1,0.0
1224,20150617,1.0666666666666669,103.58611111111112,201502,1,0.0
1225,20150617,1.0666666666667,103.60000000000002,201502,1,0.0
1226,20150617,1.1,103.73333333332994,201502,1,0.0
1227,20150618,1.1166666666667,103.5,201502,1,0.0
1228,20150619,3.9166666666666665,98.76666666666668,201502,1,0.0
1229,20150622,1.0833333333333,103.56666666667002,201502,1,0.0
1230,20150624,1.05,103.66666666666993,201502,1,0.0
1231,20150624,1.0422740821518148,103.0523783705014,201502,1,0.0
1232,20150626,1.1,103.73333333332994,201502,1,0.0
1233,20150626,1.1841666666667,103.41666666666993,201502,1,0.0
1234,20150628,1.1,103.53333333333,201502,1,0.0
1235,20150704,3.79485488183348,98.716299533844,201503,1,0.0
1236,20150725,1.0522222222222,103.64999999999998,201503,1,0.0
1237,20150726,1.0686111111111,103.60000000000002,201503,1,0.0
1238,20150727,1.0516666666667,103.60000000000002,201503,1,0.0
1239,20150728,1.252341676699629,103.9471435546875,201503,1,0.0
1240,20150731,1.0680555555556,103.68333333332998,201503,1,0.0
1241,20150803,3.9341666666666666,98.73333333333332,201503,1,0.0
1242,20150803,1.0508333333333,103.61888888889008,201503,1,0.0
1243,20150808,2.0511111111111,101.98333333332994,201503,1,0.0
1244,20150810,1.0841666666667,103.56666666667002,201503,1,0.0
1245,20150810,1.0855555555556,103.54999999999995,201503,1,0.0
1246,20150812,4.0211111111111,98.75749999999994,201503,1,0.0
1247,20150813,1.1177777777777778,103.5,201503,1,0.0
1248,20150815,6.2333333333333,98.983333333333,201503,1,0.0
1249,20150815,1.0333333333333334,103.63333333333333,201503,1,0.0
1250,20150820,1.0852777777778,103.60138888889004,201503,1,0.0
1251,20150821,1.1683333333333,103.43333333332998,201503,1,0.0
1252,20150821,1.1,103.73333333333336,201503,1,0.0
1253,20150821,1.1666666666667,103.48333333332994,201503,1,0.0
1254,20150821,1.0666666666667,103.71666666667,201503,1,0.0
1255,20150821,1.0833333333333333,103.5188888888889,201503,1,0.0
1256,20150822,1.1,103.53333333333,201503,1,0.0
1257,20150905,1.1833333333333331,103.43333333333334,201503,1,0.0
1258,20150906,1.2680555555556,103.98333333332994,201503,1,0.0
1259,20150908,1.1833333333333,103.41666666666993,201503,1,0.0
1260,20150908,1.1422222222222222,103.56666666666666,201503,1,0.0
1261,20150909,1.1166666666667,103.51666666667006,201503,1,0.0
1262,20150912,1.0705555555555557,103.9,201503,1,0.0
1263,20150916,1.1,103.51666666667006,201503,1,0.0
1264,20150919,1.1166666666666667,103.55,201503,1,0.0
1265,20150920,1.1836111111111,103.41666666666993,201503,1,0.0
1266,20150920,1.0666666666667,103.68333333332998,201503,1,0.0
1267,20150925,3.9336111111111,98.75027777777802,201503,1,0.0
1268,20150929,1.7027777777778,101.5,201503,1,0.0
1269,20151005,3.9333333333333,98.81666666666706,201504,1,0.0
1270,20151009,1.083888888888889,103.58333333333331,201504,1,0.0
1271,20151015,1.1177777777777778,103.51861111111111,201504,1,0.0
1272,20151015,1.1166666666667,103.5,201504,1,0.0
1273,20151015,1.1691666666667,103.43333333332998,201504,1,0.0
1274,20151022,1.1022222222222222,103.53333333333332,201504,1,0.0
1275,20151022,3.883333333333333,98.78333333333332,201504,1,0.0
1276,20151022,1.1208333333333331,103.51666666666668,201504,1,0.0
1277,20151106,3.9333333333333336,98.81666666666666,201504,1,0.0
1278,20151112,3.9333333333333336,98.75,201504,1,0.0
1279,20151120,13.201944444444443,49.0,201504,1,0.0
1280,20151120,1.1822222222222225,103.66666666666669,201504,1,0.0
1281,20151208,3.950277777777778,98.78333333333332,201504,1,0.0
1282,20160419,3.9333333333333336,98.75,201602,1,0.0
1283,20160424,14.418888888889,49.13555555555604,201602,1,0.0
1284,20160425,1.15,103.9333333333334,201602,1,0.0
1285,20160516,14.75,50.9666666666667,201602,1,0.0
1286,20160519,1.1833333333333331,103.95000000000005,201602,1,0.0
1287,20160521,1.1666666666666667,103.9666666666667,201602,1,0.0
1288,20160616,1.1666666666666667,103.95000000000005,201602,1,0.0
1289,20160618,1.6879352738772322,101.48436095767556,201602,1,0.0
1290,20160621,1.6958333333333333,101.5102777777778,201602,1,0.0
1291,20160728,1.7232203737409166,101.3983154296875,201603,1,0.0
1292,20160819,1.1833333333333331,103.86666666666667,201603,1,0.0
1293,20160906,1.7216666666667,101.43333333332998,201603,1,0.0
1294,20160908,1.6966666666666668,101.495,201603,1,0.0
1295,20160914,1.7315746085074968,101.3844276746114,201603,1,0.0
1296,20161012,1.7013888888888888,101.48416666666662,201604,1,0.0
1297,20161020,1.7125,101.48111111111008,201604,1,0.0
1298,20161109,1.6847222222222222,101.5005555555556,201604,1,0.0
1299,20161126,1.2027777777777775,103.65083333333337,201604,1,0.0
1300,20170223,1.1691666666667,103.98333333332994,201701,1,0.0
1301,20170311,1.7022222222222223,101.43444444444448,201701,1,0.0
1302,20170314,11.983333333333333,50.75,201701,1,0.0
1303,20170320,1.71,101.47611111110996,201701,1,0.0
1304,20170326,1.1166666666667,103.53833333333,201701,1,0.0
1305,20170326,1.7166666666666668,101.4333333333334,201701,1,0.0
1306,20170401,11.630715737981486,49.317626953125,201702,1,0.0
1307,20170408,14.035833333333,51.66666666666697,201702,1,0.0
1308,20170408,14.15,51.616666666666674,201702,1,0.0
1309,20170415,12.904722222222222,48.04777777777781,201702,1,0.0
1310,20170416,12.816944444444443,43.26666666666665,201702,1,0.0
1311,20170503,1.2669444444444,103.28361111111008,201702,1,0.0
1312,20170520,1.7315442231663216,101.38456178506216,201702,1,0.0
1313,20170524,1.7166666666667,101.41666666666993,201702,1,0.0
1314,20170531,12.5833333333333,43.45000000000061,201702,1,0.0
1315,20170601,23.54,60.43833333333328,201702,1,0.0
1316,20170602,3.9166666666666665,98.75,201702,1,0.0
1317,20170623,3.9241666666667,103.86888888889008,201702,1,0.0
1318,20170820,1.0705059085478068,103.698314581977,201703,1,0.0
1319,20170906,5.6416666666667,103.18888888889,201703,1,0.0
1320,20171006,13.5,50.04999999999996,201704,1,0.0
1321,20171012,1.1833333333333,103.54999999999995,201704,1,0.0
1322,20171025,1.0186111111111111,103.68472222222226,201704,1,0.0
1323,20171103,1.1836111111111112,103.9852777777778,201704,1,0.0
1324,20171120,1.0333333333333,103.64999999999998,201704,1,0.0
1325,20171121,14.135277777778,48.95083333333298,201704,1,0.0
1326,20180103,2.451111111111111,101.65305555555553,201801,1,0.0
1327,20180218,1.1519444444444444,103.93444444444448,201801,1,0.0
1328,20180331,13.966666666666663,51.41666666666663,201801,1,0.0
1329,20180519,1.1666666666666667,103.45000000000005,201802,1,0.0
1330,20180519,1.2155555555556,103.56972222221998,201802,1,0.0
1331,20180703,1.2,103.54999999999995,201803,1,0.0
1332,20180918,1.2352777777778,103.95138888889004,201803,1,0.0
1333,20190205,3.9177777777778,98.78333333333308,201901,1,0.0
1334,20190511,1.721111111111111,101.45000000000005,201902,1,0.0
1335,20190518,1.2166666666666668,103.5666666666666,201902,1,0.0
1336,20190711,1.2166666666667,103.51666666667006,201903,1,0.0
1337,20190722,1.0682542588345847,103.90351905822752,201903,1,0.0
1338,20190727,1.7574510209956,101.36745929717996,201903,1,0.0
1339,20190730,3.878529288247384,98.77253417968744,201903,1,0.0
1340,20190820,1.1025,103.88416666666672,201903,1,0.0
1341,20190822,3.839712971275101,98.7393880208333,201903,1,0.0
1342,20190930,1.0352777777778,103.64999999999998,201903,1,0.0
1343,20191008,1.7166666666666668,101.43416666666668,201904,1,0.0
1344,20191014,3.9166666666666665,98.79999999999995,201904,1,0.0
1345,20191018,1.0833333333333333,103.70000000000005,201904,1,0.0
1346,20191019,1.0575,103.64499999999998,201904,1,0.0
1347,20191024,1.05,103.63333333333333,201904,1,0.0
1348,20191105,1.2016666666666669,103.5675,201904,1,0.0
1349,20191107,3.788058658855616,98.69405815813276,201904,1,0.0
1350,20191202,1.1666666666666667,103.93333333333334,201904,1,0.0
1351,20191224,1.15,103.48333333333336,201904,1,0.0
1352,20200126,3.9469444444444446,98.75666666666666,202001,1,0.0
1353,20200202,1.074722222222222,103.91055555555556,202001,1,0.0
1354,20200227,1.1847222222222222,103.44,202001,1,0.0
1355,20200313,3.925,98.7713888888889,202001,1,0.0
1356,20200315,1.169166666666667,103.43333333333334,202001,1,0.0
1357,20200515,1.2338888888888888,103.485,202002,1,0.0
1358,20200515,3.783603525527392,98.70507717132568,202002,1,0.0
1359,20200726,1.211111111111111,103.54611111111112,202003,1,0.0
1360,20200811,1.7022222222222223,101.45222222222222,202003,1,0.0
1361,20200828,1.7166666666666668,101.44166666666666,202003,1,0.0
1362,20201027,1.7013888888888888,101.46722222222222,202004,1,0.0
1363,20201124,1.7152777777777777,101.44111111111113,202004,1,0.0
1364,20201214,1.7519444444444443,101.38305555555556,202004,1,0.0
